architecture,ARC14.jpg,trainingdata/images/architecture/ARC14.jpg
architecture,ARC28.jpg,trainingdata/images/architecture/ARC28.jpg
architecture,ARC29.jpg,trainingdata/images/architecture/ARC29.jpg
architecture,ARC15.jpg,trainingdata/images/architecture/ARC15.jpg
architecture,ARC01.jpg,trainingdata/images/architecture/ARC01.jpg
architecture,ARC03.jpg,trainingdata/images/architecture/ARC03.jpg
architecture,ARC02.jpg,trainingdata/images/architecture/ARC02.jpg
architecture,ARC16.jpg,trainingdata/images/architecture/ARC16.jpg
architecture,ARC12.jpg,trainingdata/images/architecture/ARC12.jpg
architecture,ARC07.jpg,trainingdata/images/architecture/ARC07.jpg
architecture,ARC13.jpg,trainingdata/images/architecture/ARC13.jpg
architecture,ARC05.jpg,trainingdata/images/architecture/ARC05.jpg
architecture,ARC11.jpg,trainingdata/images/architecture/ARC11.jpg
architecture,ARC10.jpg,trainingdata/images/architecture/ARC10.jpg
architecture,ARC04.jpg,trainingdata/images/architecture/ARC04.jpg
architecture,ARC21.jpg,trainingdata/images/architecture/ARC21.jpg
architecture,ARC09.jpg,trainingdata/images/architecture/ARC09.jpg
architecture,ARC08.jpg,trainingdata/images/architecture/ARC08.jpg
architecture,ARC20.jpg,trainingdata/images/architecture/ARC20.jpg
architecture,ARC22.jpg,trainingdata/images/architecture/ARC22.jpg
architecture,ARC23.jpg,trainingdata/images/architecture/ARC23.jpg
architecture,ARC27.jpg,trainingdata/images/architecture/ARC27.jpg
architecture,ARC26.jpg,trainingdata/images/architecture/ARC26.jpg
architecture,ARC18.jpg,trainingdata/images/architecture/ARC18.jpg
architecture,ARC24.jpg,trainingdata/images/architecture/ARC24.jpg
architecture,ARC30.jpg,trainingdata/images/architecture/ARC30.jpg
architecture,ARC25.jpg,trainingdata/images/architecture/ARC25.jpg
architecture,ARC19.jpg,trainingdata/images/architecture/ARC19.jpg
buildingAccessories,BUI15.jpg,trainingdata/images/buildingAccessories/BUI15.jpg
buildingAccessories,BUI01.jpg,trainingdata/images/buildingAccessories/BUI01.jpg
buildingAccessories,BUI29.jpg,trainingdata/images/buildingAccessories/BUI29.jpg
buildingAccessories,BUI28.jpg,trainingdata/images/buildingAccessories/BUI28.jpg
buildingAccessories,BUI14.jpg,trainingdata/images/buildingAccessories/BUI14.jpg
buildingAccessories,BUI02.jpg,trainingdata/images/buildingAccessories/BUI02.jpg
buildingAccessories,BUI16.jpg,trainingdata/images/buildingAccessories/BUI16.jpg
buildingAccessories,BUI17.jpg,trainingdata/images/buildingAccessories/BUI17.jpg
buildingAccessories,BUI03.jpg,trainingdata/images/buildingAccessories/BUI03.jpg
buildingAccessories,BUI13.jpg,trainingdata/images/buildingAccessories/BUI13.jpg
buildingAccessories,BUI12.jpg,trainingdata/images/buildingAccessories/BUI12.jpg
buildingAccessories,BUI06.jpg,trainingdata/images/buildingAccessories/BUI06.jpg
buildingAccessories,BUI10.jpg,trainingdata/images/buildingAccessories/BUI10.jpg
buildingAccessories,BUI04.jpg,trainingdata/images/buildingAccessories/BUI04.jpg
buildingAccessories,BUI05.jpg,trainingdata/images/buildingAccessories/BUI05.jpg
buildingAccessories,BUI11.jpg,trainingdata/images/buildingAccessories/BUI11.jpg
buildingAccessories,BUI20.jpg,trainingdata/images/buildingAccessories/BUI20.jpg
buildingAccessories,BUI08.jpg,trainingdata/images/buildingAccessories/BUI08.jpg
buildingAccessories,BUI09.jpg,trainingdata/images/buildingAccessories/BUI09.jpg
buildingAccessories,BUI21.jpg,trainingdata/images/buildingAccessories/BUI21.jpg
buildingAccessories,BUI23.jpg,trainingdata/images/buildingAccessories/BUI23.jpg
buildingAccessories,BUI22.jpg,trainingdata/images/buildingAccessories/BUI22.jpg
buildingAccessories,BUI26.jpg,trainingdata/images/buildingAccessories/BUI26.jpg
buildingAccessories,BUI27.jpg,trainingdata/images/buildingAccessories/BUI27.jpg
buildingAccessories,BUI19.jpg,trainingdata/images/buildingAccessories/BUI19.jpg
buildingAccessories,BUI25.jpg,trainingdata/images/buildingAccessories/BUI25.jpg
buildingAccessories,BUI24.jpg,trainingdata/images/buildingAccessories/BUI24.jpg
buildingAccessories,BUI30.jpg,trainingdata/images/buildingAccessories/BUI30.jpg
buildingAccessories,BUI18.jpg,trainingdata/images/buildingAccessories/BUI18.jpg
carpets,CAR11.jpg,trainingdata/images/carpets/CAR11.jpg
carpets,CAR05.jpg,trainingdata/images/carpets/CAR05.jpg
carpets,CAR04.jpg,trainingdata/images/carpets/CAR04.jpg
carpets,CAR10.jpg,trainingdata/images/carpets/CAR10.jpg
carpets,CAR06.jpg,trainingdata/images/carpets/CAR06.jpg
carpets,CAR12.jpg,trainingdata/images/carpets/CAR12.jpg
carpets,CAR13.jpg,trainingdata/images/carpets/CAR13.jpg
carpets,CAR07.jpg,trainingdata/images/carpets/CAR07.jpg
carpets,CAR03.jpg,trainingdata/images/carpets/CAR03.jpg
carpets,CAR17.jpg,trainingdata/images/carpets/CAR17.jpg
carpets,CAR16.jpg,trainingdata/images/carpets/CAR16.jpg
carpets,CAR02.jpg,trainingdata/images/carpets/CAR02.jpg
carpets,CAR28.jpg,trainingdata/images/carpets/CAR28.jpg
carpets,CAR14.jpg,trainingdata/images/carpets/CAR14.jpg
carpets,CAR01.jpg,trainingdata/images/carpets/CAR01.jpg
carpets,CAR15.jpg,trainingdata/images/carpets/CAR15.jpg
carpets,CAR29.jpg,trainingdata/images/carpets/CAR29.jpg
carpets,CAR30.jpg,trainingdata/images/carpets/CAR30.jpg
carpets,CAR24.jpg,trainingdata/images/carpets/CAR24.jpg
carpets,CAR18.jpg,trainingdata/images/carpets/CAR18.jpg
carpets,CAR19.jpg,trainingdata/images/carpets/CAR19.jpg
carpets,CAR25.jpg,trainingdata/images/carpets/CAR25.jpg
carpets,CAR27.jpg,trainingdata/images/carpets/CAR27.jpg
carpets,CAR26.jpg,trainingdata/images/carpets/CAR26.jpg
carpets,CAR22.jpg,trainingdata/images/carpets/CAR22.jpg
carpets,CAR23.jpg,trainingdata/images/carpets/CAR23.jpg
carpets,CAR09.jpg,trainingdata/images/carpets/CAR09.jpg
carpets,CAR21.jpg,trainingdata/images/carpets/CAR21.jpg
carpets,CAR20.jpg,trainingdata/images/carpets/CAR20.jpg
carpets,CAR08.jpg,trainingdata/images/carpets/CAR08.jpg
ceramics,CER16.jpg,trainingdata/images/ceramics/CER16.jpg
ceramics,CER02.jpg,trainingdata/images/ceramics/CER02.jpg
ceramics,CER03.jpg,trainingdata/images/ceramics/CER03.jpg
ceramics,CER17.jpg,trainingdata/images/ceramics/CER17.jpg
ceramics,CER01.jpg,trainingdata/images/ceramics/CER01.jpg
ceramics,CER15.jpg,trainingdata/images/ceramics/CER15.jpg
ceramics,CER29.jpg,trainingdata/images/ceramics/CER29.jpg
ceramics,CER28.jpg,trainingdata/images/ceramics/CER28.jpg
ceramics,CER14.jpg,trainingdata/images/ceramics/CER14.jpg
ceramics,CER04.jpg,trainingdata/images/ceramics/CER04.jpg
ceramics,CER10.jpg,trainingdata/images/ceramics/CER10.jpg
ceramics,CER11.jpg,trainingdata/images/ceramics/CER11.jpg
ceramics,CER05.jpg,trainingdata/images/ceramics/CER05.jpg
ceramics,CER13.jpg,trainingdata/images/ceramics/CER13.jpg
ceramics,CER07.jpg,trainingdata/images/ceramics/CER07.jpg
ceramics,CER06.jpg,trainingdata/images/ceramics/CER06.jpg
ceramics,CER12.jpg,trainingdata/images/ceramics/CER12.jpg
ceramics,CER23.jpg,trainingdata/images/ceramics/CER23.jpg
ceramics,CER22.jpg,trainingdata/images/ceramics/CER22.jpg
ceramics,CER20.jpg,trainingdata/images/ceramics/CER20.jpg
ceramics,CER08.jpg,trainingdata/images/ceramics/CER08.jpg
ceramics,CER09.jpg,trainingdata/images/ceramics/CER09.jpg
ceramics,CER21.jpg,trainingdata/images/ceramics/CER21.jpg
ceramics,CER19.jpg,trainingdata/images/ceramics/CER19.jpg
ceramics,CER25.jpg,trainingdata/images/ceramics/CER25.jpg
ceramics,CER30.jpg,trainingdata/images/ceramics/CER30.jpg
ceramics,CER24.jpg,trainingdata/images/ceramics/CER24.jpg
ceramics,CER18.jpg,trainingdata/images/ceramics/CER18.jpg
ceramics,CER26.jpg,trainingdata/images/ceramics/CER26.jpg
ceramics,CER27.jpg,trainingdata/images/ceramics/CER27.jpg
clocks,CLO08.jpg,trainingdata/images/clocks/CLO08.jpg
clocks,CLO20.jpg,trainingdata/images/clocks/CLO20.jpg
clocks,CLO21.jpg,trainingdata/images/clocks/CLO21.jpg
clocks,CLO09.jpg,trainingdata/images/clocks/CLO09.jpg
clocks,CLO23.jpg,trainingdata/images/clocks/CLO23.jpg
clocks,CLO22.jpg,trainingdata/images/clocks/CLO22.jpg
clocks,CLO26.jpg,trainingdata/images/clocks/CLO26.jpg
clocks,CLO27.jpg,trainingdata/images/clocks/CLO27.jpg
clocks,CLO25.jpg,trainingdata/images/clocks/CLO25.jpg
clocks,CLO19.jpg,trainingdata/images/clocks/CLO19.jpg
clocks,CLO18.jpg,trainingdata/images/clocks/CLO18.jpg
clocks,CLO24.jpg,trainingdata/images/clocks/CLO24.jpg
clocks,CLO30.jpg,trainingdata/images/clocks/CLO30.jpg
clocks,CLO29.jpg,trainingdata/images/clocks/CLO29.jpg
clocks,CLO15.jpg,trainingdata/images/clocks/CLO15.jpg
clocks,CLO01.jpg,trainingdata/images/clocks/CLO01.jpg
clocks,CLO14.jpg,trainingdata/images/clocks/CLO14.jpg
clocks,CLO28.jpg,trainingdata/images/clocks/CLO28.jpg
clocks,CLO02.jpg,trainingdata/images/clocks/CLO02.jpg
clocks,CLO16.jpg,trainingdata/images/clocks/CLO16.jpg
clocks,CLO17.jpg,trainingdata/images/clocks/CLO17.jpg
clocks,CLO03.jpg,trainingdata/images/clocks/CLO03.jpg
clocks,CLO07.jpg,trainingdata/images/clocks/CLO07.jpg
clocks,CLO13.jpg,trainingdata/images/clocks/CLO13.jpg
clocks,CLO12.jpg,trainingdata/images/clocks/CLO12.jpg
clocks,CLO06.jpg,trainingdata/images/clocks/CLO06.jpg
clocks,CLO10.jpg,trainingdata/images/clocks/CLO10.jpg
clocks,CLO04.jpg,trainingdata/images/clocks/CLO04.jpg
clocks,CLO05.jpg,trainingdata/images/clocks/CLO05.jpg
clocks,CLO11.jpg,trainingdata/images/clocks/CLO11.jpg
clothing,CLO08.jpg,trainingdata/images/clothing/CLO08.jpg
clothing,CLO20.jpg,trainingdata/images/clothing/CLO20.jpg
clothing,CLO21.jpg,trainingdata/images/clothing/CLO21.jpg
clothing,CLO09.jpg,trainingdata/images/clothing/CLO09.jpg
clothing,CLO23.jpg,trainingdata/images/clothing/CLO23.jpg
clothing,CLO22.jpg,trainingdata/images/clothing/CLO22.jpg
clothing,CLO26.jpg,trainingdata/images/clothing/CLO26.jpg
clothing,CLO27.jpg,trainingdata/images/clothing/CLO27.jpg
clothing,CLO25.jpg,trainingdata/images/clothing/CLO25.jpg
clothing,CLO19.jpg,trainingdata/images/clothing/CLO19.jpg
clothing,CLO18.jpg,trainingdata/images/clothing/CLO18.jpg
clothing,CLO24.jpg,trainingdata/images/clothing/CLO24.jpg
clothing,CLO30.jpg,trainingdata/images/clothing/CLO30.jpg
clothing,CLO29.jpg,trainingdata/images/clothing/CLO29.jpg
clothing,CLO15.jpg,trainingdata/images/clothing/CLO15.jpg
clothing,CLO01.jpg,trainingdata/images/clothing/CLO01.jpg
clothing,CLO14.jpg,trainingdata/images/clothing/CLO14.jpg
clothing,CLO28.jpg,trainingdata/images/clothing/CLO28.jpg
clothing,CLO02.jpg,trainingdata/images/clothing/CLO02.jpg
clothing,CLO16.jpg,trainingdata/images/clothing/CLO16.jpg
clothing,CLO17.jpg,trainingdata/images/clothing/CLO17.jpg
clothing,CLO03.jpg,trainingdata/images/clothing/CLO03.jpg
clothing,CLO07.jpg,trainingdata/images/clothing/CLO07.jpg
clothing,CLO13.jpg,trainingdata/images/clothing/CLO13.jpg
clothing,CLO12.jpg,trainingdata/images/clothing/CLO12.jpg
clothing,CLO06.jpg,trainingdata/images/clothing/CLO06.jpg
clothing,CLO10.jpg,trainingdata/images/clothing/CLO10.jpg
clothing,CLO04.jpg,trainingdata/images/clothing/CLO04.jpg
clothing,CLO05.jpg,trainingdata/images/clothing/CLO05.jpg
clothing,CLO11.jpg,trainingdata/images/clothing/CLO11.jpg
domesticAppliances,DOM27.jpg,trainingdata/images/domesticAppliances/DOM27.jpg
domesticAppliances,DOM26.jpg,trainingdata/images/domesticAppliances/DOM26.jpg
domesticAppliances,DOM30.jpg,trainingdata/images/domesticAppliances/DOM30.jpg
domesticAppliances,DOM24.jpg,trainingdata/images/domesticAppliances/DOM24.jpg
domesticAppliances,DOM18.jpg,trainingdata/images/domesticAppliances/DOM18.jpg
domesticAppliances,DOM19.jpg,trainingdata/images/domesticAppliances/DOM19.jpg
domesticAppliances,DOM25.jpg,trainingdata/images/domesticAppliances/DOM25.jpg
domesticAppliances,DOM09.jpg,trainingdata/images/domesticAppliances/DOM09.jpg
domesticAppliances,DOM21.jpg,trainingdata/images/domesticAppliances/DOM21.jpg
domesticAppliances,DOM20.jpg,trainingdata/images/domesticAppliances/DOM20.jpg
domesticAppliances,DOM08.jpg,trainingdata/images/domesticAppliances/DOM08.jpg
domesticAppliances,DOM22.jpg,trainingdata/images/domesticAppliances/DOM22.jpg
domesticAppliances,DOM23.jpg,trainingdata/images/domesticAppliances/DOM23.jpg
domesticAppliances,DOM06.jpg,trainingdata/images/domesticAppliances/DOM06.jpg
domesticAppliances,DOM12.jpg,trainingdata/images/domesticAppliances/DOM12.jpg
domesticAppliances,DOM13.jpg,trainingdata/images/domesticAppliances/DOM13.jpg
domesticAppliances,DOM07.jpg,trainingdata/images/domesticAppliances/DOM07.jpg
domesticAppliances,DOM11.jpg,trainingdata/images/domesticAppliances/DOM11.jpg
domesticAppliances,DOM05.jpg,trainingdata/images/domesticAppliances/DOM05.jpg
domesticAppliances,DOM04.jpg,trainingdata/images/domesticAppliances/DOM04.jpg
domesticAppliances,DOM10.jpg,trainingdata/images/domesticAppliances/DOM10.jpg
domesticAppliances,DOM28.jpg,trainingdata/images/domesticAppliances/DOM28.jpg
domesticAppliances,DOM14.jpg,trainingdata/images/domesticAppliances/DOM14.jpg
domesticAppliances,DOM01.jpg,trainingdata/images/domesticAppliances/DOM01.jpg
domesticAppliances,DOM15.jpg,trainingdata/images/domesticAppliances/DOM15.jpg
domesticAppliances,DOM29.jpg,trainingdata/images/domesticAppliances/DOM29.jpg
domesticAppliances,DOM03.jpg,trainingdata/images/domesticAppliances/DOM03.jpg
domesticAppliances,DOM17.jpg,trainingdata/images/domesticAppliances/DOM17.jpg
domesticAppliances,DOM16.jpg,trainingdata/images/domesticAppliances/DOM16.jpg
domesticAppliances,DOM02.jpg,trainingdata/images/domesticAppliances/DOM02.jpg
drawingAndPaintingEquipmentAndAccessories,DRA27.jpg,trainingdata/images/drawingAndPaintingEquipmentAndAccessories/DRA27.jpg
drawingAndPaintingEquipmentAndAccessories,DRA26.jpg,trainingdata/images/drawingAndPaintingEquipmentAndAccessories/DRA26.jpg
drawingAndPaintingEquipmentAndAccessories,DRA30.jpg,trainingdata/images/drawingAndPaintingEquipmentAndAccessories/DRA30.jpg
drawingAndPaintingEquipmentAndAccessories,DRA24.jpg,trainingdata/images/drawingAndPaintingEquipmentAndAccessories/DRA24.jpg
drawingAndPaintingEquipmentAndAccessories,DRA18.jpg,trainingdata/images/drawingAndPaintingEquipmentAndAccessories/DRA18.jpg
drawingAndPaintingEquipmentAndAccessories,DRA19.jpg,trainingdata/images/drawingAndPaintingEquipmentAndAccessories/DRA19.jpg
drawingAndPaintingEquipmentAndAccessories,DRA25.jpg,trainingdata/images/drawingAndPaintingEquipmentAndAccessories/DRA25.jpg
drawingAndPaintingEquipmentAndAccessories,DRA09.jpg,trainingdata/images/drawingAndPaintingEquipmentAndAccessories/DRA09.jpg
drawingAndPaintingEquipmentAndAccessories,DRA21.jpg,trainingdata/images/drawingAndPaintingEquipmentAndAccessories/DRA21.jpg
drawingAndPaintingEquipmentAndAccessories,DRA20.jpg,trainingdata/images/drawingAndPaintingEquipmentAndAccessories/DRA20.jpg
drawingAndPaintingEquipmentAndAccessories,DRA08.jpg,trainingdata/images/drawingAndPaintingEquipmentAndAccessories/DRA08.jpg
drawingAndPaintingEquipmentAndAccessories,DRA22.jpg,trainingdata/images/drawingAndPaintingEquipmentAndAccessories/DRA22.jpg
drawingAndPaintingEquipmentAndAccessories,DRA23.jpg,trainingdata/images/drawingAndPaintingEquipmentAndAccessories/DRA23.jpg
drawingAndPaintingEquipmentAndAccessories,DRA06.jpg,trainingdata/images/drawingAndPaintingEquipmentAndAccessories/DRA06.jpg
drawingAndPaintingEquipmentAndAccessories,DRA12.jpg,trainingdata/images/drawingAndPaintingEquipmentAndAccessories/DRA12.jpg
drawingAndPaintingEquipmentAndAccessories,DRA13.jpg,trainingdata/images/drawingAndPaintingEquipmentAndAccessories/DRA13.jpg
drawingAndPaintingEquipmentAndAccessories,DRA07.jpg,trainingdata/images/drawingAndPaintingEquipmentAndAccessories/DRA07.jpg
drawingAndPaintingEquipmentAndAccessories,DRA11.jpg,trainingdata/images/drawingAndPaintingEquipmentAndAccessories/DRA11.jpg
drawingAndPaintingEquipmentAndAccessories,DRA05.jpg,trainingdata/images/drawingAndPaintingEquipmentAndAccessories/DRA05.jpg
drawingAndPaintingEquipmentAndAccessories,DRA04.jpg,trainingdata/images/drawingAndPaintingEquipmentAndAccessories/DRA04.jpg
drawingAndPaintingEquipmentAndAccessories,DRA10.jpg,trainingdata/images/drawingAndPaintingEquipmentAndAccessories/DRA10.jpg
drawingAndPaintingEquipmentAndAccessories,DRA28.jpg,trainingdata/images/drawingAndPaintingEquipmentAndAccessories/DRA28.jpg
drawingAndPaintingEquipmentAndAccessories,DRA14.jpg,trainingdata/images/drawingAndPaintingEquipmentAndAccessories/DRA14.jpg
drawingAndPaintingEquipmentAndAccessories,DRA01.jpg,trainingdata/images/drawingAndPaintingEquipmentAndAccessories/DRA01.jpg
drawingAndPaintingEquipmentAndAccessories,DRA15.jpg,trainingdata/images/drawingAndPaintingEquipmentAndAccessories/DRA15.jpg
drawingAndPaintingEquipmentAndAccessories,DRA29.jpg,trainingdata/images/drawingAndPaintingEquipmentAndAccessories/DRA29.jpg
drawingAndPaintingEquipmentAndAccessories,DRA03.jpg,trainingdata/images/drawingAndPaintingEquipmentAndAccessories/DRA03.jpg
drawingAndPaintingEquipmentAndAccessories,DRA17.jpg,trainingdata/images/drawingAndPaintingEquipmentAndAccessories/DRA17.jpg
drawingAndPaintingEquipmentAndAccessories,DRA16.jpg,trainingdata/images/drawingAndPaintingEquipmentAndAccessories/DRA16.jpg
drawingAndPaintingEquipmentAndAccessories,DRA02.jpg,trainingdata/images/drawingAndPaintingEquipmentAndAccessories/DRA02.jpg
engineering,ENG22.jpg,trainingdata/images/engineering/ENG22.jpg
engineering,ENG23.jpg,trainingdata/images/engineering/ENG23.jpg
engineering,ENG21.jpg,trainingdata/images/engineering/ENG21.jpg
engineering,ENG09.jpg,trainingdata/images/engineering/ENG09.jpg
engineering,ENG08.jpg,trainingdata/images/engineering/ENG08.jpg
engineering,ENG20.jpg,trainingdata/images/engineering/ENG20.jpg
engineering,ENG18.jpg,trainingdata/images/engineering/ENG18.jpg
engineering,ENG24.jpg,trainingdata/images/engineering/ENG24.jpg
engineering,ENG30.jpg,trainingdata/images/engineering/ENG30.jpg
engineering,ENG25.jpg,trainingdata/images/engineering/ENG25.jpg
engineering,ENG19.jpg,trainingdata/images/engineering/ENG19.jpg
engineering,ENG27.jpg,trainingdata/images/engineering/ENG27.jpg
engineering,ENG26.jpg,trainingdata/images/engineering/ENG26.jpg
engineering,ENG17.jpg,trainingdata/images/engineering/ENG17.jpg
engineering,ENG03.jpg,trainingdata/images/engineering/ENG03.jpg
engineering,ENG02.jpg,trainingdata/images/engineering/ENG02.jpg
engineering,ENG16.jpg,trainingdata/images/engineering/ENG16.jpg
engineering,ENG14.jpg,trainingdata/images/engineering/ENG14.jpg
engineering,ENG28.jpg,trainingdata/images/engineering/ENG28.jpg
engineering,ENG29.jpg,trainingdata/images/engineering/ENG29.jpg
engineering,ENG15.jpg,trainingdata/images/engineering/ENG15.jpg
engineering,ENG01.jpg,trainingdata/images/engineering/ENG01.jpg
engineering,ENG05.jpg,trainingdata/images/engineering/ENG05.jpg
engineering,ENG11.jpg,trainingdata/images/engineering/ENG11.jpg
engineering,ENG10.jpg,trainingdata/images/engineering/ENG10.jpg
engineering,ENG04.jpg,trainingdata/images/engineering/ENG04.jpg
engineering,ENG12.jpg,trainingdata/images/engineering/ENG12.jpg
engineering,ENG06.jpg,trainingdata/images/engineering/ENG06.jpg
engineering,ENG07.jpg,trainingdata/images/engineering/ENG07.jpg
engineering,ENG13.jpg,trainingdata/images/engineering/ENG13.jpg
furniture,FUR09.jpg,trainingdata/images/furniture/FUR09.jpg
furniture,FUR21.jpg,trainingdata/images/furniture/FUR21.jpg
furniture,FUR20.jpg,trainingdata/images/furniture/FUR20.jpg
furniture,FUR08.jpg,trainingdata/images/furniture/FUR08.jpg
furniture,FUR22.jpg,trainingdata/images/furniture/FUR22.jpg
furniture,FUR23.jpg,trainingdata/images/furniture/FUR23.jpg
furniture,FUR27.jpg,trainingdata/images/furniture/FUR27.jpg
furniture,FUR26.jpg,trainingdata/images/furniture/FUR26.jpg
furniture,FUR30.jpg,trainingdata/images/furniture/FUR30.jpg
furniture,FUR24.jpg,trainingdata/images/furniture/FUR24.jpg
furniture,FUR18.jpg,trainingdata/images/furniture/FUR18.jpg
furniture,FUR19.jpg,trainingdata/images/furniture/FUR19.jpg
furniture,FUR25.jpg,trainingdata/images/furniture/FUR25.jpg
furniture,FUR28.jpg,trainingdata/images/furniture/FUR28.jpg
furniture,FUR14.jpg,trainingdata/images/furniture/FUR14.jpg
furniture,FUR01.jpg,trainingdata/images/furniture/FUR01.jpg
furniture,FUR15.jpg,trainingdata/images/furniture/FUR15.jpg
furniture,FUR29.jpg,trainingdata/images/furniture/FUR29.jpg
furniture,FUR03.jpg,trainingdata/images/furniture/FUR03.jpg
furniture,FUR17.jpg,trainingdata/images/furniture/FUR17.jpg
furniture,FUR16.jpg,trainingdata/images/furniture/FUR16.jpg
furniture,FUR02.jpg,trainingdata/images/furniture/FUR02.jpg
furniture,FUR06.jpg,trainingdata/images/furniture/FUR06.jpg
furniture,FUR12.jpg,trainingdata/images/furniture/FUR12.jpg
furniture,FUR13.jpg,trainingdata/images/furniture/FUR13.jpg
furniture,FUR07.jpg,trainingdata/images/furniture/FUR07.jpg
furniture,FUR11.jpg,trainingdata/images/furniture/FUR11.jpg
furniture,FUR05.jpg,trainingdata/images/furniture/FUR05.jpg
furniture,FUR04.jpg,trainingdata/images/furniture/FUR04.jpg
furniture,FUR10.jpg,trainingdata/images/furniture/FUR10.jpg
graphics,GRA30.jpg,trainingdata/images/graphics/GRA30.jpg
graphics,GRA24.jpg,trainingdata/images/graphics/GRA24.jpg
graphics,GRA18.jpg,trainingdata/images/graphics/GRA18.jpg
graphics,GRA19.jpg,trainingdata/images/graphics/GRA19.jpg
graphics,GRA25.jpg,trainingdata/images/graphics/GRA25.jpg
graphics,GRA27.jpg,trainingdata/images/graphics/GRA27.jpg
graphics,GRA26.jpg,trainingdata/images/graphics/GRA26.jpg
graphics,GRA22.jpg,trainingdata/images/graphics/GRA22.jpg
graphics,GRA23.jpg,trainingdata/images/graphics/GRA23.jpg
graphics,GRA09.jpg,trainingdata/images/graphics/GRA09.jpg
graphics,GRA21.jpg,trainingdata/images/graphics/GRA21.jpg
graphics,GRA20.jpg,trainingdata/images/graphics/GRA20.jpg
graphics,GRA08.jpg,trainingdata/images/graphics/GRA08.jpg
graphics,GRA11.jpg,trainingdata/images/graphics/GRA11.jpg
graphics,GRA05.jpg,trainingdata/images/graphics/GRA05.jpg
graphics,GRA04.jpg,trainingdata/images/graphics/GRA04.jpg
graphics,GRA10.jpg,trainingdata/images/graphics/GRA10.jpg
graphics,GRA06.jpg,trainingdata/images/graphics/GRA06.jpg
graphics,GRA12.jpg,trainingdata/images/graphics/GRA12.jpg
graphics,GRA13.jpg,trainingdata/images/graphics/GRA13.jpg
graphics,GRA07.jpg,trainingdata/images/graphics/GRA07.jpg
graphics,GRA03.jpg,trainingdata/images/graphics/GRA03.jpg
graphics,GRA17.jpg,trainingdata/images/graphics/GRA17.jpg
graphics,GRA16.jpg,trainingdata/images/graphics/GRA16.jpg
graphics,GRA02.jpg,trainingdata/images/graphics/GRA02.jpg
graphics,GRA28.jpg,trainingdata/images/graphics/GRA28.jpg
graphics,GRA14.jpg,trainingdata/images/graphics/GRA14.jpg
graphics,GRA01.jpg,trainingdata/images/graphics/GRA01.jpg
graphics,GRA15.jpg,trainingdata/images/graphics/GRA15.jpg
graphics,GRA29.jpg,trainingdata/images/graphics/GRA29.jpg
heating,HEA26.jpg,trainingdata/images/heating/HEA26.jpg
heating,HEA27.jpg,trainingdata/images/heating/HEA27.jpg
heating,HEA25.jpg,trainingdata/images/heating/HEA25.jpg
heating,HEA19.jpg,trainingdata/images/heating/HEA19.jpg
heating,HEA18.jpg,trainingdata/images/heating/HEA18.jpg
heating,HEA30.jpg,trainingdata/images/heating/HEA30.jpg
heating,HEA24.jpg,trainingdata/images/heating/HEA24.jpg
heating,HEA08.jpg,trainingdata/images/heating/HEA08.jpg
heating,HEA20.jpg,trainingdata/images/heating/HEA20.jpg
heating,HEA21.jpg,trainingdata/images/heating/HEA21.jpg
heating,HEA09.jpg,trainingdata/images/heating/HEA09.jpg
heating,HEA23.jpg,trainingdata/images/heating/HEA23.jpg
heating,HEA22.jpg,trainingdata/images/heating/HEA22.jpg
heating,HEA13.jpg,trainingdata/images/heating/HEA13.jpg
heating,HEA07.jpg,trainingdata/images/heating/HEA07.jpg
heating,HEA06.jpg,trainingdata/images/heating/HEA06.jpg
heating,HEA12.jpg,trainingdata/images/heating/HEA12.jpg
heating,HEA04.jpg,trainingdata/images/heating/HEA04.jpg
heating,HEA10.jpg,trainingdata/images/heating/HEA10.jpg
heating,HEA11.jpg,trainingdata/images/heating/HEA11.jpg
heating,HEA05.jpg,trainingdata/images/heating/HEA05.jpg
heating,HEA29.jpg,trainingdata/images/heating/HEA29.jpg
heating,HEA01.jpg,trainingdata/images/heating/HEA01.jpg
heating,HEA15.jpg,trainingdata/images/heating/HEA15.jpg
heating,HEA14.jpg,trainingdata/images/heating/HEA14.jpg
heating,HEA28.jpg,trainingdata/images/heating/HEA28.jpg
heating,HEA16.jpg,trainingdata/images/heating/HEA16.jpg
heating,HEA02.jpg,trainingdata/images/heating/HEA02.jpg
heating,HEA03.jpg,trainingdata/images/heating/HEA03.jpg
heating,HEA17.jpg,trainingdata/images/heating/HEA17.jpg
industrialDesignAndManufacturingProcesses,IND05.jpg,trainingdata/images/industrialDesignAndManufacturingProcesses/IND05.jpg
industrialDesignAndManufacturingProcesses,IND11.jpg,trainingdata/images/industrialDesignAndManufacturingProcesses/IND11.jpg
industrialDesignAndManufacturingProcesses,IND10.jpg,trainingdata/images/industrialDesignAndManufacturingProcesses/IND10.jpg
industrialDesignAndManufacturingProcesses,IND04.jpg,trainingdata/images/industrialDesignAndManufacturingProcesses/IND04.jpg
industrialDesignAndManufacturingProcesses,IND12.jpg,trainingdata/images/industrialDesignAndManufacturingProcesses/IND12.jpg
industrialDesignAndManufacturingProcesses,IND06.jpg,trainingdata/images/industrialDesignAndManufacturingProcesses/IND06.jpg
industrialDesignAndManufacturingProcesses,IND07.jpg,trainingdata/images/industrialDesignAndManufacturingProcesses/IND07.jpg
industrialDesignAndManufacturingProcesses,IND13.jpg,trainingdata/images/industrialDesignAndManufacturingProcesses/IND13.jpg
industrialDesignAndManufacturingProcesses,IND17.jpg,trainingdata/images/industrialDesignAndManufacturingProcesses/IND17.jpg
industrialDesignAndManufacturingProcesses,IND03.jpg,trainingdata/images/industrialDesignAndManufacturingProcesses/IND03.jpg
industrialDesignAndManufacturingProcesses,IND02.jpg,trainingdata/images/industrialDesignAndManufacturingProcesses/IND02.jpg
industrialDesignAndManufacturingProcesses,IND16.jpg,trainingdata/images/industrialDesignAndManufacturingProcesses/IND16.jpg
industrialDesignAndManufacturingProcesses,IND28.jpg,trainingdata/images/industrialDesignAndManufacturingProcesses/IND28.jpg
industrialDesignAndManufacturingProcesses,IND14.jpg,trainingdata/images/industrialDesignAndManufacturingProcesses/IND14.jpg
industrialDesignAndManufacturingProcesses,IND15.jpg,trainingdata/images/industrialDesignAndManufacturingProcesses/IND15.jpg
industrialDesignAndManufacturingProcesses,IND01.jpg,trainingdata/images/industrialDesignAndManufacturingProcesses/IND01.jpg
industrialDesignAndManufacturingProcesses,IND29.jpg,trainingdata/images/industrialDesignAndManufacturingProcesses/IND29.jpg
industrialDesignAndManufacturingProcesses,IND24.jpg,trainingdata/images/industrialDesignAndManufacturingProcesses/IND24.jpg
industrialDesignAndManufacturingProcesses,IND30.jpg,trainingdata/images/industrialDesignAndManufacturingProcesses/IND30.jpg
industrialDesignAndManufacturingProcesses,IND18.jpg,trainingdata/images/industrialDesignAndManufacturingProcesses/IND18.jpg
industrialDesignAndManufacturingProcesses,IND19.jpg,trainingdata/images/industrialDesignAndManufacturingProcesses/IND19.jpg
industrialDesignAndManufacturingProcesses,IND25.jpg,trainingdata/images/industrialDesignAndManufacturingProcesses/IND25.jpg
industrialDesignAndManufacturingProcesses,IND27.jpg,trainingdata/images/industrialDesignAndManufacturingProcesses/IND27.jpg
industrialDesignAndManufacturingProcesses,IND26.jpg,trainingdata/images/industrialDesignAndManufacturingProcesses/IND26.jpg
industrialDesignAndManufacturingProcesses,IND22.jpg,trainingdata/images/industrialDesignAndManufacturingProcesses/IND22.jpg
industrialDesignAndManufacturingProcesses,IND23.jpg,trainingdata/images/industrialDesignAndManufacturingProcesses/IND23.jpg
industrialDesignAndManufacturingProcesses,IND09.jpg,trainingdata/images/industrialDesignAndManufacturingProcesses/IND09.jpg
industrialDesignAndManufacturingProcesses,IND21.jpg,trainingdata/images/industrialDesignAndManufacturingProcesses/IND21.jpg
industrialDesignAndManufacturingProcesses,IND20.jpg,trainingdata/images/industrialDesignAndManufacturingProcesses/IND20.jpg
industrialDesignAndManufacturingProcesses,IND08.jpg,trainingdata/images/industrialDesignAndManufacturingProcesses/IND08.jpg
interiorDesign,INT25.jpg,trainingdata/images/interiorDesign/INT25.jpg
interiorDesign,INT19.jpg,trainingdata/images/interiorDesign/INT19.jpg
interiorDesign,INT18.jpg,trainingdata/images/interiorDesign/INT18.jpg
interiorDesign,INT24.jpg,trainingdata/images/interiorDesign/INT24.jpg
interiorDesign,INT30.jpg,trainingdata/images/interiorDesign/INT30.jpg
interiorDesign,INT26.jpg,trainingdata/images/interiorDesign/INT26.jpg
interiorDesign,INT27.jpg,trainingdata/images/interiorDesign/INT27.jpg
interiorDesign,INT23.jpg,trainingdata/images/interiorDesign/INT23.jpg
interiorDesign,INT22.jpg,trainingdata/images/interiorDesign/INT22.jpg
interiorDesign,INT08.jpg,trainingdata/images/interiorDesign/INT08.jpg
interiorDesign,INT20.jpg,trainingdata/images/interiorDesign/INT20.jpg
interiorDesign,INT21.jpg,trainingdata/images/interiorDesign/INT21.jpg
interiorDesign,INT09.jpg,trainingdata/images/interiorDesign/INT09.jpg
interiorDesign,INT10.jpg,trainingdata/images/interiorDesign/INT10.jpg
interiorDesign,INT04.jpg,trainingdata/images/interiorDesign/INT04.jpg
interiorDesign,INT05.jpg,trainingdata/images/interiorDesign/INT05.jpg
interiorDesign,INT11.jpg,trainingdata/images/interiorDesign/INT11.jpg
interiorDesign,INT07.jpg,trainingdata/images/interiorDesign/INT07.jpg
interiorDesign,INT13.jpg,trainingdata/images/interiorDesign/INT13.jpg
interiorDesign,INT12.jpg,trainingdata/images/interiorDesign/INT12.jpg
interiorDesign,INT06.jpg,trainingdata/images/interiorDesign/INT06.jpg
interiorDesign,INT02.jpg,trainingdata/images/interiorDesign/INT02.jpg
interiorDesign,INT16.jpg,trainingdata/images/interiorDesign/INT16.jpg
interiorDesign,INT17.jpg,trainingdata/images/interiorDesign/INT17.jpg
interiorDesign,INT03.jpg,trainingdata/images/interiorDesign/INT03.jpg
interiorDesign,INT29.jpg,trainingdata/images/interiorDesign/INT29.jpg
interiorDesign,INT15.jpg,trainingdata/images/interiorDesign/INT15.jpg
interiorDesign,INT01.jpg,trainingdata/images/interiorDesign/INT01.jpg
interiorDesign,INT14.jpg,trainingdata/images/interiorDesign/INT14.jpg
interiorDesign,INT28.jpg,trainingdata/images/interiorDesign/INT28.jpg
jewellrey,JWL05.jpg,trainingdata/images/jewellrey/JWL05.jpg
jewellrey,JWL11.jpg,trainingdata/images/jewellrey/JWL11.jpg
jewellrey,JWL10.jpg,trainingdata/images/jewellrey/JWL10.jpg
jewellrey,JWL04.jpg,trainingdata/images/jewellrey/JWL04.jpg
jewellrey,JWL12.jpg,trainingdata/images/jewellrey/JWL12.jpg
jewellrey,JWL06.jpg,trainingdata/images/jewellrey/JWL06.jpg
jewellrey,JWL07.jpg,trainingdata/images/jewellrey/JWL07.jpg
jewellrey,JWL13.jpg,trainingdata/images/jewellrey/JWL13.jpg
jewellrey,JWL17.jpg,trainingdata/images/jewellrey/JWL17.jpg
jewellrey,JWL03.jpg,trainingdata/images/jewellrey/JWL03.jpg
jewellrey,JWL02.jpg,trainingdata/images/jewellrey/JWL02.jpg
jewellrey,JWL16.jpg,trainingdata/images/jewellrey/JWL16.jpg
jewellrey,JWL28.jpg,trainingdata/images/jewellrey/JWL28.jpg
jewellrey,JWL14.jpg,trainingdata/images/jewellrey/JWL14.jpg
jewellrey,JWL15.jpg,trainingdata/images/jewellrey/JWL15.jpg
jewellrey,JWL01.jpg,trainingdata/images/jewellrey/JWL01.jpg
jewellrey,JWL29.jpg,trainingdata/images/jewellrey/JWL29.jpg
jewellrey,JWL24.jpg,trainingdata/images/jewellrey/JWL24.jpg
jewellrey,JWL30.jpg,trainingdata/images/jewellrey/JWL30.jpg
jewellrey,JWL18.jpg,trainingdata/images/jewellrey/JWL18.jpg
jewellrey,JWL19.jpg,trainingdata/images/jewellrey/JWL19.jpg
jewellrey,JWL25.jpg,trainingdata/images/jewellrey/JWL25.jpg
jewellrey,JWL27.jpg,trainingdata/images/jewellrey/JWL27.jpg
jewellrey,JWL26.jpg,trainingdata/images/jewellrey/JWL26.jpg
jewellrey,JWL22.jpg,trainingdata/images/jewellrey/JWL22.jpg
jewellrey,JWL23.jpg,trainingdata/images/jewellrey/JWL23.jpg
jewellrey,JWL09.jpg,trainingdata/images/jewellrey/JWL09.jpg
jewellrey,JWL21.jpg,trainingdata/images/jewellrey/JWL21.jpg
jewellrey,JWL20.jpg,trainingdata/images/jewellrey/JWL20.jpg
jewellrey,JWL08.jpg,trainingdata/images/jewellrey/JWL08.jpg
lighting,LIG28.jpg,trainingdata/images/lighting/LIG28.jpg
lighting,LIG14.jpg,trainingdata/images/lighting/LIG14.jpg
lighting,LIG15.jpg,trainingdata/images/lighting/LIG15.jpg
lighting,LIG01.jpg,trainingdata/images/lighting/LIG01.jpg
lighting,LIG29.jpg,trainingdata/images/lighting/LIG29.jpg
lighting,LIG17.jpg,trainingdata/images/lighting/LIG17.jpg
lighting,LIG03.jpg,trainingdata/images/lighting/LIG03.jpg
lighting,LIG02.jpg,trainingdata/images/lighting/LIG02.jpg
lighting,LIG16.jpg,trainingdata/images/lighting/LIG16.jpg
lighting,LIG12.jpg,trainingdata/images/lighting/LIG12.jpg
lighting,LIG06.jpg,trainingdata/images/lighting/LIG06.jpg
lighting,LIG07.jpg,trainingdata/images/lighting/LIG07.jpg
lighting,LIG13.jpg,trainingdata/images/lighting/LIG13.jpg
lighting,LIG05.jpg,trainingdata/images/lighting/LIG05.jpg
lighting,LIG11.jpg,trainingdata/images/lighting/LIG11.jpg
lighting,LIG10.jpg,trainingdata/images/lighting/LIG10.jpg
lighting,LIG04.jpg,trainingdata/images/lighting/LIG04.jpg
lighting,LIG09.jpg,trainingdata/images/lighting/LIG09.jpg
lighting,LIG21.jpg,trainingdata/images/lighting/LIG21.jpg
lighting,LIG20.jpg,trainingdata/images/lighting/LIG20.jpg
lighting,LIG08.jpg,trainingdata/images/lighting/LIG08.jpg
lighting,LIG22.jpg,trainingdata/images/lighting/LIG22.jpg
lighting,LIG23.jpg,trainingdata/images/lighting/LIG23.jpg
lighting,LIG27.jpg,trainingdata/images/lighting/LIG27.jpg
lighting,LIG26.jpg,trainingdata/images/lighting/LIG26.jpg
lighting,LIG24.jpg,trainingdata/images/lighting/LIG24.jpg
lighting,LIG30.jpg,trainingdata/images/lighting/LIG30.jpg
lighting,LIG18.jpg,trainingdata/images/lighting/LIG18.jpg
lighting,LIG19.jpg,trainingdata/images/lighting/LIG19.jpg
lighting,LIG25.jpg,trainingdata/images/lighting/LIG25.jpg
medical,MED10.jpg,trainingdata/images/medical/MED10.jpg
medical,MED04.jpg,trainingdata/images/medical/MED04.jpg
medical,MED05.jpg,trainingdata/images/medical/MED05.jpg
medical,MED11.jpg,trainingdata/images/medical/MED11.jpg
medical,MED07.jpg,trainingdata/images/medical/MED07.jpg
medical,MED13.jpg,trainingdata/images/medical/MED13.jpg
medical,MED12.jpg,trainingdata/images/medical/MED12.jpg
medical,MED06.jpg,trainingdata/images/medical/MED06.jpg
medical,MED02.jpg,trainingdata/images/medical/MED02.jpg
medical,MED16.jpg,trainingdata/images/medical/MED16.jpg
medical,MED17.jpg,trainingdata/images/medical/MED17.jpg
medical,MED03.jpg,trainingdata/images/medical/MED03.jpg
medical,MED29.jpg,trainingdata/images/medical/MED29.jpg
medical,MED15.jpg,trainingdata/images/medical/MED15.jpg
medical,MED01.jpg,trainingdata/images/medical/MED01.jpg
medical,MED14.jpg,trainingdata/images/medical/MED14.jpg
medical,MED28.jpg,trainingdata/images/medical/MED28.jpg
medical,MED25.jpg,trainingdata/images/medical/MED25.jpg
medical,MED19.jpg,trainingdata/images/medical/MED19.jpg
medical,MED18.jpg,trainingdata/images/medical/MED18.jpg
medical,MED24.jpg,trainingdata/images/medical/MED24.jpg
medical,MED30.jpg,trainingdata/images/medical/MED30.jpg
medical,MED26.jpg,trainingdata/images/medical/MED26.jpg
medical,MED27.jpg,trainingdata/images/medical/MED27.jpg
medical,MED23.jpg,trainingdata/images/medical/MED23.jpg
medical,MED22.jpg,trainingdata/images/medical/MED22.jpg
medical,MED08.jpg,trainingdata/images/medical/MED08.jpg
medical,MED20.jpg,trainingdata/images/medical/MED20.jpg
medical,MED21.jpg,trainingdata/images/medical/MED21.jpg
medical,MED09.jpg,trainingdata/images/medical/MED09.jpg
musicalEquipment,MUS27.jpg,trainingdata/images/musicalEquipment/MUS27.jpg
musicalEquipment,MUS26.jpg,trainingdata/images/musicalEquipment/MUS26.jpg
musicalEquipment,MUS18.jpg,trainingdata/images/musicalEquipment/MUS18.jpg
musicalEquipment,MUS30.jpg,trainingdata/images/musicalEquipment/MUS30.jpg
musicalEquipment,MUS24.jpg,trainingdata/images/musicalEquipment/MUS24.jpg
musicalEquipment,MUS25.jpg,trainingdata/images/musicalEquipment/MUS25.jpg
musicalEquipment,MUS19.jpg,trainingdata/images/musicalEquipment/MUS19.jpg
musicalEquipment,MUS21.jpg,trainingdata/images/musicalEquipment/MUS21.jpg
musicalEquipment,MUS09.jpg,trainingdata/images/musicalEquipment/MUS09.jpg
musicalEquipment,MUS08.jpg,trainingdata/images/musicalEquipment/MUS08.jpg
musicalEquipment,MUS20.jpg,trainingdata/images/musicalEquipment/MUS20.jpg
musicalEquipment,MUS22.jpg,trainingdata/images/musicalEquipment/MUS22.jpg
musicalEquipment,MUS23.jpg,trainingdata/images/musicalEquipment/MUS23.jpg
musicalEquipment,MUS06.jpg,trainingdata/images/musicalEquipment/MUS06.jpg
musicalEquipment,MUS12.jpg,trainingdata/images/musicalEquipment/MUS12.jpg
musicalEquipment,MUS13.jpg,trainingdata/images/musicalEquipment/MUS13.jpg
musicalEquipment,MUS07.jpg,trainingdata/images/musicalEquipment/MUS07.jpg
musicalEquipment,MUS11.jpg,trainingdata/images/musicalEquipment/MUS11.jpg
musicalEquipment,MUS05.jpg,trainingdata/images/musicalEquipment/MUS05.jpg
musicalEquipment,MUS04.jpg,trainingdata/images/musicalEquipment/MUS04.jpg
musicalEquipment,MUS10.jpg,trainingdata/images/musicalEquipment/MUS10.jpg
musicalEquipment,MUS14.jpg,trainingdata/images/musicalEquipment/MUS14.jpg
musicalEquipment,MUS28.jpg,trainingdata/images/musicalEquipment/MUS28.jpg
musicalEquipment,MUS29.jpg,trainingdata/images/musicalEquipment/MUS29.jpg
musicalEquipment,MUS01.jpg,trainingdata/images/musicalEquipment/MUS01.jpg
musicalEquipment,MUS15.jpg,trainingdata/images/musicalEquipment/MUS15.jpg
musicalEquipment,MUS03.jpg,trainingdata/images/musicalEquipment/MUS03.jpg
musicalEquipment,MUS17.jpg,trainingdata/images/musicalEquipment/MUS17.jpg
musicalEquipment,MUS16.jpg,trainingdata/images/musicalEquipment/MUS16.jpg
musicalEquipment,MUS02.jpg,trainingdata/images/musicalEquipment/MUS02.jpg
officeEquipment,OFF26.jpg,trainingdata/images/officeEquipment/OFF26.jpg
officeEquipment,OFF27.jpg,trainingdata/images/officeEquipment/OFF27.jpg
officeEquipment,OFF19.jpg,trainingdata/images/officeEquipment/OFF19.jpg
officeEquipment,OFF25.jpg,trainingdata/images/officeEquipment/OFF25.jpg
officeEquipment,OFF24.jpg,trainingdata/images/officeEquipment/OFF24.jpg
officeEquipment,OFF30.jpg,trainingdata/images/officeEquipment/OFF30.jpg
officeEquipment,OFF18.jpg,trainingdata/images/officeEquipment/OFF18.jpg
officeEquipment,OFF20.jpg,trainingdata/images/officeEquipment/OFF20.jpg
officeEquipment,OFF08.jpg,trainingdata/images/officeEquipment/OFF08.jpg
officeEquipment,OFF09.jpg,trainingdata/images/officeEquipment/OFF09.jpg
officeEquipment,OFF21.jpg,trainingdata/images/officeEquipment/OFF21.jpg
officeEquipment,OFF23.jpg,trainingdata/images/officeEquipment/OFF23.jpg
officeEquipment,OFF22.jpg,trainingdata/images/officeEquipment/OFF22.jpg
officeEquipment,OFF07.jpg,trainingdata/images/officeEquipment/OFF07.jpg
officeEquipment,OFF13.jpg,trainingdata/images/officeEquipment/OFF13.jpg
officeEquipment,OFF12.jpg,trainingdata/images/officeEquipment/OFF12.jpg
officeEquipment,OFF06.jpg,trainingdata/images/officeEquipment/OFF06.jpg
officeEquipment,OFF10.jpg,trainingdata/images/officeEquipment/OFF10.jpg
officeEquipment,OFF04.jpg,trainingdata/images/officeEquipment/OFF04.jpg
officeEquipment,OFF05.jpg,trainingdata/images/officeEquipment/OFF05.jpg
officeEquipment,OFF11.jpg,trainingdata/images/officeEquipment/OFF11.jpg
officeEquipment,OFF15.jpg,trainingdata/images/officeEquipment/OFF15.jpg
officeEquipment,OFF01.jpg,trainingdata/images/officeEquipment/OFF01.jpg
officeEquipment,OFF29.jpg,trainingdata/images/officeEquipment/OFF29.jpg
officeEquipment,OFF28.jpg,trainingdata/images/officeEquipment/OFF28.jpg
officeEquipment,OFF14.jpg,trainingdata/images/officeEquipment/OFF14.jpg
officeEquipment,OFF02.jpg,trainingdata/images/officeEquipment/OFF02.jpg
officeEquipment,OFF16.jpg,trainingdata/images/officeEquipment/OFF16.jpg
officeEquipment,OFF17.jpg,trainingdata/images/officeEquipment/OFF17.jpg
officeEquipment,OFF03.jpg,trainingdata/images/officeEquipment/OFF03.jpg
optical,OPT14.jpg,trainingdata/images/optical/OPT14.jpg
optical,OPT01.jpg,trainingdata/images/optical/OPT01.jpg
optical,OPT15.jpg,trainingdata/images/optical/OPT15.jpg
optical,OPT03.jpg,trainingdata/images/optical/OPT03.jpg
optical,OPT17.jpg,trainingdata/images/optical/OPT17.jpg
optical,OPT16.jpg,trainingdata/images/optical/OPT16.jpg
optical,OPT02.jpg,trainingdata/images/optical/OPT02.jpg
optical,OPT06.jpg,trainingdata/images/optical/OPT06.jpg
optical,OPT12.jpg,trainingdata/images/optical/OPT12.jpg
optical,OPT13.jpg,trainingdata/images/optical/OPT13.jpg
optical,OPT07.jpg,trainingdata/images/optical/OPT07.jpg
optical,OPT11.jpg,trainingdata/images/optical/OPT11.jpg
optical,OPT05.jpg,trainingdata/images/optical/OPT05.jpg
optical,OPT04.jpg,trainingdata/images/optical/OPT04.jpg
optical,OPT10.jpg,trainingdata/images/optical/OPT10.jpg
optical,OPT21.jpg,trainingdata/images/optical/OPT21.jpg
optical,OPT09.jpg,trainingdata/images/optical/OPT09.jpg
optical,OPT08.jpg,trainingdata/images/optical/OPT08.jpg
optical,OPT20.jpg,trainingdata/images/optical/OPT20.jpg
optical,OPT22.jpg,trainingdata/images/optical/OPT22.jpg
optical,OPT23.jpg,trainingdata/images/optical/OPT23.jpg
optical,OPT27.jpg,trainingdata/images/optical/OPT27.jpg
optical,OPT26.jpg,trainingdata/images/optical/OPT26.jpg
optical,OPT18.jpg,trainingdata/images/optical/OPT18.jpg
optical,OPT24.jpg,trainingdata/images/optical/OPT24.jpg
optical,OPT25.jpg,trainingdata/images/optical/OPT25.jpg
optical,OPT19.jpg,trainingdata/images/optical/OPT19.jpg
ornaments,ORN12.jpg,trainingdata/images/ornaments/ORN12.jpg
ornaments,ORN06.jpg,trainingdata/images/ornaments/ORN06.jpg
ornaments,ORN07.jpg,trainingdata/images/ornaments/ORN07.jpg
ornaments,ORN13.jpg,trainingdata/images/ornaments/ORN13.jpg
ornaments,ORN05.jpg,trainingdata/images/ornaments/ORN05.jpg
ornaments,ORN11.jpg,trainingdata/images/ornaments/ORN11.jpg
ornaments,ORN10.jpg,trainingdata/images/ornaments/ORN10.jpg
ornaments,ORN04.jpg,trainingdata/images/ornaments/ORN04.jpg
ornaments,ORN14.jpg,trainingdata/images/ornaments/ORN14.jpg
ornaments,ORN28.jpg,trainingdata/images/ornaments/ORN28.jpg
ornaments,ORN29.jpg,trainingdata/images/ornaments/ORN29.jpg
ornaments,ORN15.jpg,trainingdata/images/ornaments/ORN15.jpg
ornaments,ORN01.jpg,trainingdata/images/ornaments/ORN01.jpg
ornaments,ORN17.jpg,trainingdata/images/ornaments/ORN17.jpg
ornaments,ORN03.jpg,trainingdata/images/ornaments/ORN03.jpg
ornaments,ORN02.jpg,trainingdata/images/ornaments/ORN02.jpg
ornaments,ORN16.jpg,trainingdata/images/ornaments/ORN16.jpg
ornaments,ORN27.jpg,trainingdata/images/ornaments/ORN27.jpg
ornaments,ORN26.jpg,trainingdata/images/ornaments/ORN26.jpg
ornaments,ORN18.jpg,trainingdata/images/ornaments/ORN18.jpg
ornaments,ORN24.jpg,trainingdata/images/ornaments/ORN24.jpg
ornaments,ORN30.jpg,trainingdata/images/ornaments/ORN30.jpg
ornaments,ORN25.jpg,trainingdata/images/ornaments/ORN25.jpg
ornaments,ORN19.jpg,trainingdata/images/ornaments/ORN19.jpg
ornaments,ORN21.jpg,trainingdata/images/ornaments/ORN21.jpg
ornaments,ORN09.jpg,trainingdata/images/ornaments/ORN09.jpg
ornaments,ORN08.jpg,trainingdata/images/ornaments/ORN08.jpg
ornaments,ORN20.jpg,trainingdata/images/ornaments/ORN20.jpg
ornaments,ORN22.jpg,trainingdata/images/ornaments/ORN22.jpg
ornaments,ORN23.jpg,trainingdata/images/ornaments/ORN23.jpg
photography,PHO15.jpg,trainingdata/images/photography/PHO15.jpg
photography,PHO01.jpg,trainingdata/images/photography/PHO01.jpg
photography,PHO29.jpg,trainingdata/images/photography/PHO29.jpg
photography,PHO28.jpg,trainingdata/images/photography/PHO28.jpg
photography,PHO14.jpg,trainingdata/images/photography/PHO14.jpg
photography,PHO02.jpg,trainingdata/images/photography/PHO02.jpg
photography,PHO16.jpg,trainingdata/images/photography/PHO16.jpg
photography,PHO17.jpg,trainingdata/images/photography/PHO17.jpg
photography,PHO03.jpg,trainingdata/images/photography/PHO03.jpg
photography,PHO07.jpg,trainingdata/images/photography/PHO07.jpg
photography,PHO13.jpg,trainingdata/images/photography/PHO13.jpg
photography,PHO12.jpg,trainingdata/images/photography/PHO12.jpg
photography,PHO06.jpg,trainingdata/images/photography/PHO06.jpg
photography,PHO10.jpg,trainingdata/images/photography/PHO10.jpg
photography,PHO04.jpg,trainingdata/images/photography/PHO04.jpg
photography,PHO05.jpg,trainingdata/images/photography/PHO05.jpg
photography,PHO11.jpg,trainingdata/images/photography/PHO11.jpg
photography,PHO20.jpg,trainingdata/images/photography/PHO20.jpg
photography,PHO08.jpg,trainingdata/images/photography/PHO08.jpg
photography,PHO09.jpg,trainingdata/images/photography/PHO09.jpg
photography,PHO21.jpg,trainingdata/images/photography/PHO21.jpg
photography,PHO23.jpg,trainingdata/images/photography/PHO23.jpg
photography,PHO22.jpg,trainingdata/images/photography/PHO22.jpg
photography,PHO26.jpg,trainingdata/images/photography/PHO26.jpg
photography,PHO27.jpg,trainingdata/images/photography/PHO27.jpg
photography,PHO19.jpg,trainingdata/images/photography/PHO19.jpg
photography,PHO25.jpg,trainingdata/images/photography/PHO25.jpg
photography,PHO24.jpg,trainingdata/images/photography/PHO24.jpg
photography,PHO30.jpg,trainingdata/images/photography/PHO30.jpg
photography,PHO18.jpg,trainingdata/images/photography/PHO18.jpg
portraits,POR26.jpg,trainingdata/images/portraits/POR26.jpg
portraits,POR27.jpg,trainingdata/images/portraits/POR27.jpg
portraits,POR25.jpg,trainingdata/images/portraits/POR25.jpg
portraits,POR19.jpg,trainingdata/images/portraits/POR19.jpg
portraits,POR18.jpg,trainingdata/images/portraits/POR18.jpg
portraits,POR24.jpg,trainingdata/images/portraits/POR24.jpg
portraits,POR30.jpg,trainingdata/images/portraits/POR30.jpg
portraits,POR08.jpg,trainingdata/images/portraits/POR08.jpg
portraits,POR20.jpg,trainingdata/images/portraits/POR20.jpg
portraits,POR21.jpg,trainingdata/images/portraits/POR21.jpg
portraits,POR09.jpg,trainingdata/images/portraits/POR09.jpg
portraits,POR23.jpg,trainingdata/images/portraits/POR23.jpg
portraits,POR22.jpg,trainingdata/images/portraits/POR22.jpg
portraits,POR07.jpg,trainingdata/images/portraits/POR07.jpg
portraits,POR13.jpg,trainingdata/images/portraits/POR13.jpg
portraits,POR12.jpg,trainingdata/images/portraits/POR12.jpg
portraits,POR06.jpg,trainingdata/images/portraits/POR06.jpg
portraits,POR10.jpg,trainingdata/images/portraits/POR10.jpg
portraits,POR04.jpg,trainingdata/images/portraits/POR04.jpg
portraits,POR05.jpg,trainingdata/images/portraits/POR05.jpg
portraits,POR11.jpg,trainingdata/images/portraits/POR11.jpg
portraits,POR29.jpg,trainingdata/images/portraits/POR29.jpg
portraits,POR15.jpg,trainingdata/images/portraits/POR15.jpg
portraits,POR01.jpg,trainingdata/images/portraits/POR01.jpg
portraits,POR14.jpg,trainingdata/images/portraits/POR14.jpg
portraits,POR28.jpg,trainingdata/images/portraits/POR28.jpg
portraits,POR02.jpg,trainingdata/images/portraits/POR02.jpg
portraits,POR16.jpg,trainingdata/images/portraits/POR16.jpg
portraits,POR17.jpg,trainingdata/images/portraits/POR17.jpg
portraits,POR03.jpg,trainingdata/images/portraits/POR03.jpg
religiousObjects,REL25.jpg,trainingdata/images/religiousObjects/REL25.jpg
religiousObjects,REL19.jpg,trainingdata/images/religiousObjects/REL19.jpg
religiousObjects,REL18.jpg,trainingdata/images/religiousObjects/REL18.jpg
religiousObjects,REL30.jpg,trainingdata/images/religiousObjects/REL30.jpg
religiousObjects,REL24.jpg,trainingdata/images/religiousObjects/REL24.jpg
religiousObjects,REL26.jpg,trainingdata/images/religiousObjects/REL26.jpg
religiousObjects,REL27.jpg,trainingdata/images/religiousObjects/REL27.jpg
religiousObjects,REL23.jpg,trainingdata/images/religiousObjects/REL23.jpg
religiousObjects,REL22.jpg,trainingdata/images/religiousObjects/REL22.jpg
religiousObjects,REL08.jpg,trainingdata/images/religiousObjects/REL08.jpg
religiousObjects,REL20.jpg,trainingdata/images/religiousObjects/REL20.jpg
religiousObjects,REL21.jpg,trainingdata/images/religiousObjects/REL21.jpg
religiousObjects,REL09.jpg,trainingdata/images/religiousObjects/REL09.jpg
religiousObjects,REL04.jpg,trainingdata/images/religiousObjects/REL04.jpg
religiousObjects,REL10.jpg,trainingdata/images/religiousObjects/REL10.jpg
religiousObjects,REL11.jpg,trainingdata/images/religiousObjects/REL11.jpg
religiousObjects,REL05.jpg,trainingdata/images/religiousObjects/REL05.jpg
religiousObjects,REL13.jpg,trainingdata/images/religiousObjects/REL13.jpg
religiousObjects,REL07.jpg,trainingdata/images/religiousObjects/REL07.jpg
religiousObjects,REL06.jpg,trainingdata/images/religiousObjects/REL06.jpg
religiousObjects,REL12.jpg,trainingdata/images/religiousObjects/REL12.jpg
religiousObjects,REL16.jpg,trainingdata/images/religiousObjects/REL16.jpg
religiousObjects,REL02.jpg,trainingdata/images/religiousObjects/REL02.jpg
religiousObjects,REL03.jpg,trainingdata/images/religiousObjects/REL03.jpg
religiousObjects,REL17.jpg,trainingdata/images/religiousObjects/REL17.jpg
religiousObjects,REL29.jpg,trainingdata/images/religiousObjects/REL29.jpg
religiousObjects,REL01.jpg,trainingdata/images/religiousObjects/REL01.jpg
religiousObjects,REL15.jpg,trainingdata/images/religiousObjects/REL15.jpg
religiousObjects,REL14.jpg,trainingdata/images/religiousObjects/REL14.jpg
religiousObjects,REL28.jpg,trainingdata/images/religiousObjects/REL28.jpg
sanitaryEquipment,SAN25.jpg,trainingdata/images/sanitaryEquipment/SAN25.jpg
sanitaryEquipment,SAN19.jpg,trainingdata/images/sanitaryEquipment/SAN19.jpg
sanitaryEquipment,SAN18.jpg,trainingdata/images/sanitaryEquipment/SAN18.jpg
sanitaryEquipment,SAN24.jpg,trainingdata/images/sanitaryEquipment/SAN24.jpg
sanitaryEquipment,SAN30.jpg,trainingdata/images/sanitaryEquipment/SAN30.jpg
sanitaryEquipment,SAN26.jpg,trainingdata/images/sanitaryEquipment/SAN26.jpg
sanitaryEquipment,SAN27.jpg,trainingdata/images/sanitaryEquipment/SAN27.jpg
sanitaryEquipment,SAN23.jpg,trainingdata/images/sanitaryEquipment/SAN23.jpg
sanitaryEquipment,SAN22.jpg,trainingdata/images/sanitaryEquipment/SAN22.jpg
sanitaryEquipment,SAN08.jpg,trainingdata/images/sanitaryEquipment/SAN08.jpg
sanitaryEquipment,SAN20.jpg,trainingdata/images/sanitaryEquipment/SAN20.jpg
sanitaryEquipment,SAN21.jpg,trainingdata/images/sanitaryEquipment/SAN21.jpg
sanitaryEquipment,SAN09.jpg,trainingdata/images/sanitaryEquipment/SAN09.jpg
sanitaryEquipment,SAN10.jpg,trainingdata/images/sanitaryEquipment/SAN10.jpg
sanitaryEquipment,SAN04.jpg,trainingdata/images/sanitaryEquipment/SAN04.jpg
sanitaryEquipment,SAN05.jpg,trainingdata/images/sanitaryEquipment/SAN05.jpg
sanitaryEquipment,SAN11.jpg,trainingdata/images/sanitaryEquipment/SAN11.jpg
sanitaryEquipment,SAN07.jpg,trainingdata/images/sanitaryEquipment/SAN07.jpg
sanitaryEquipment,SAN13.jpg,trainingdata/images/sanitaryEquipment/SAN13.jpg
sanitaryEquipment,SAN12.jpg,trainingdata/images/sanitaryEquipment/SAN12.jpg
sanitaryEquipment,SAN06.jpg,trainingdata/images/sanitaryEquipment/SAN06.jpg
sanitaryEquipment,SAN02.jpg,trainingdata/images/sanitaryEquipment/SAN02.jpg
sanitaryEquipment,SAN16.jpg,trainingdata/images/sanitaryEquipment/SAN16.jpg
sanitaryEquipment,SAN17.jpg,trainingdata/images/sanitaryEquipment/SAN17.jpg
sanitaryEquipment,SAN03.jpg,trainingdata/images/sanitaryEquipment/SAN03.jpg
sanitaryEquipment,SAN29.jpg,trainingdata/images/sanitaryEquipment/SAN29.jpg
sanitaryEquipment,SAN15.jpg,trainingdata/images/sanitaryEquipment/SAN15.jpg
sanitaryEquipment,SAN01.jpg,trainingdata/images/sanitaryEquipment/SAN01.jpg
sanitaryEquipment,SAN14.jpg,trainingdata/images/sanitaryEquipment/SAN14.jpg
sanitaryEquipment,SAN28.jpg,trainingdata/images/sanitaryEquipment/SAN28.jpg
scientificEquipment,SCI25.jpg,trainingdata/images/scientificEquipment/SCI25.jpg
scientificEquipment,SCI19.jpg,trainingdata/images/scientificEquipment/SCI19.jpg
scientificEquipment,SCI18.jpg,trainingdata/images/scientificEquipment/SCI18.jpg
scientificEquipment,SCI24.jpg,trainingdata/images/scientificEquipment/SCI24.jpg
scientificEquipment,SCI30.jpg,trainingdata/images/scientificEquipment/SCI30.jpg
scientificEquipment,SCI26.jpg,trainingdata/images/scientificEquipment/SCI26.jpg
scientificEquipment,SCI27.jpg,trainingdata/images/scientificEquipment/SCI27.jpg
scientificEquipment,SCI23.jpg,trainingdata/images/scientificEquipment/SCI23.jpg
scientificEquipment,SCI22.jpg,trainingdata/images/scientificEquipment/SCI22.jpg
scientificEquipment,SCI08.jpg,trainingdata/images/scientificEquipment/SCI08.jpg
scientificEquipment,SCI20.jpg,trainingdata/images/scientificEquipment/SCI20.jpg
scientificEquipment,SCI21.jpg,trainingdata/images/scientificEquipment/SCI21.jpg
scientificEquipment,SCI09.jpg,trainingdata/images/scientificEquipment/SCI09.jpg
scientificEquipment,SCI10.jpg,trainingdata/images/scientificEquipment/SCI10.jpg
scientificEquipment,SCI04.jpg,trainingdata/images/scientificEquipment/SCI04.jpg
scientificEquipment,SCI05.jpg,trainingdata/images/scientificEquipment/SCI05.jpg
scientificEquipment,SCI11.jpg,trainingdata/images/scientificEquipment/SCI11.jpg
scientificEquipment,SCI07.jpg,trainingdata/images/scientificEquipment/SCI07.jpg
scientificEquipment,SCI13.jpg,trainingdata/images/scientificEquipment/SCI13.jpg
scientificEquipment,SCI12.jpg,trainingdata/images/scientificEquipment/SCI12.jpg
scientificEquipment,SCI06.jpg,trainingdata/images/scientificEquipment/SCI06.jpg
scientificEquipment,SCI02.jpg,trainingdata/images/scientificEquipment/SCI02.jpg
scientificEquipment,SCI16.jpg,trainingdata/images/scientificEquipment/SCI16.jpg
scientificEquipment,SCI17.jpg,trainingdata/images/scientificEquipment/SCI17.jpg
scientificEquipment,SCI03.jpg,trainingdata/images/scientificEquipment/SCI03.jpg
scientificEquipment,SCI29.jpg,trainingdata/images/scientificEquipment/SCI29.jpg
scientificEquipment,SCI15.jpg,trainingdata/images/scientificEquipment/SCI15.jpg
scientificEquipment,SCI01.jpg,trainingdata/images/scientificEquipment/SCI01.jpg
scientificEquipment,SCI14.jpg,trainingdata/images/scientificEquipment/SCI14.jpg
scientificEquipment,SCI28.jpg,trainingdata/images/scientificEquipment/SCI28.jpg
smokingAccessories,SMK22.jpg,trainingdata/images/smokingAccessories/SMK22.jpg
smokingAccessories,SMK23.jpg,trainingdata/images/smokingAccessories/SMK23.jpg
smokingAccessories,SMK09.jpg,trainingdata/images/smokingAccessories/SMK09.jpg
smokingAccessories,SMK21.jpg,trainingdata/images/smokingAccessories/SMK21.jpg
smokingAccessories,SMK20.jpg,trainingdata/images/smokingAccessories/SMK20.jpg
smokingAccessories,SMK08.jpg,trainingdata/images/smokingAccessories/SMK08.jpg
smokingAccessories,SMK30.jpg,trainingdata/images/smokingAccessories/SMK30.jpg
smokingAccessories,SMK24.jpg,trainingdata/images/smokingAccessories/SMK24.jpg
smokingAccessories,SMK18.jpg,trainingdata/images/smokingAccessories/SMK18.jpg
smokingAccessories,SMK19.jpg,trainingdata/images/smokingAccessories/SMK19.jpg
smokingAccessories,SMK25.jpg,trainingdata/images/smokingAccessories/SMK25.jpg
smokingAccessories,SMK27.jpg,trainingdata/images/smokingAccessories/SMK27.jpg
smokingAccessories,SMK26.jpg,trainingdata/images/smokingAccessories/SMK26.jpg
smokingAccessories,SMK03.jpg,trainingdata/images/smokingAccessories/SMK03.jpg
smokingAccessories,SMK17.jpg,trainingdata/images/smokingAccessories/SMK17.jpg
smokingAccessories,SMK16.jpg,trainingdata/images/smokingAccessories/SMK16.jpg
smokingAccessories,SMK02.jpg,trainingdata/images/smokingAccessories/SMK02.jpg
smokingAccessories,SMK28.jpg,trainingdata/images/smokingAccessories/SMK28.jpg
smokingAccessories,SMK14.jpg,trainingdata/images/smokingAccessories/SMK14.jpg
smokingAccessories,SMK01.jpg,trainingdata/images/smokingAccessories/SMK01.jpg
smokingAccessories,SMK15.jpg,trainingdata/images/smokingAccessories/SMK15.jpg
smokingAccessories,SMK29.jpg,trainingdata/images/smokingAccessories/SMK29.jpg
smokingAccessories,SMK11.jpg,trainingdata/images/smokingAccessories/SMK11.jpg
smokingAccessories,SMK05.jpg,trainingdata/images/smokingAccessories/SMK05.jpg
smokingAccessories,SMK04.jpg,trainingdata/images/smokingAccessories/SMK04.jpg
smokingAccessories,SMK10.jpg,trainingdata/images/smokingAccessories/SMK10.jpg
smokingAccessories,SMK06.jpg,trainingdata/images/smokingAccessories/SMK06.jpg
smokingAccessories,SMK12.jpg,trainingdata/images/smokingAccessories/SMK12.jpg
smokingAccessories,SMK13.jpg,trainingdata/images/smokingAccessories/SMK13.jpg
smokingAccessories,SMK07.jpg,trainingdata/images/smokingAccessories/SMK07.jpg
souvenirs,SOU20.jpg,trainingdata/images/souvenirs/SOU20.jpg
souvenirs,SOU08.jpg,trainingdata/images/souvenirs/SOU08.jpg
souvenirs,SOU09.jpg,trainingdata/images/souvenirs/SOU09.jpg
souvenirs,SOU21.jpg,trainingdata/images/souvenirs/SOU21.jpg
souvenirs,SOU23.jpg,trainingdata/images/souvenirs/SOU23.jpg
souvenirs,SOU22.jpg,trainingdata/images/souvenirs/SOU22.jpg
souvenirs,SOU26.jpg,trainingdata/images/souvenirs/SOU26.jpg
souvenirs,SOU27.jpg,trainingdata/images/souvenirs/SOU27.jpg
souvenirs,SOU19.jpg,trainingdata/images/souvenirs/SOU19.jpg
souvenirs,SOU25.jpg,trainingdata/images/souvenirs/SOU25.jpg
souvenirs,SOU24.jpg,trainingdata/images/souvenirs/SOU24.jpg
souvenirs,SOU30.jpg,trainingdata/images/souvenirs/SOU30.jpg
souvenirs,SOU18.jpg,trainingdata/images/souvenirs/SOU18.jpg
souvenirs,SOU15.jpg,trainingdata/images/souvenirs/SOU15.jpg
souvenirs,SOU01.jpg,trainingdata/images/souvenirs/SOU01.jpg
souvenirs,SOU29.jpg,trainingdata/images/souvenirs/SOU29.jpg
souvenirs,SOU28.jpg,trainingdata/images/souvenirs/SOU28.jpg
souvenirs,SOU14.jpg,trainingdata/images/souvenirs/SOU14.jpg
souvenirs,SOU02.jpg,trainingdata/images/souvenirs/SOU02.jpg
souvenirs,SOU16.jpg,trainingdata/images/souvenirs/SOU16.jpg
souvenirs,SOU17.jpg,trainingdata/images/souvenirs/SOU17.jpg
souvenirs,SOU03.jpg,trainingdata/images/souvenirs/SOU03.jpg
souvenirs,SOU07.jpg,trainingdata/images/souvenirs/SOU07.jpg
souvenirs,SOU13.jpg,trainingdata/images/souvenirs/SOU13.jpg
souvenirs,SOU12.jpg,trainingdata/images/souvenirs/SOU12.jpg
souvenirs,SOU06.jpg,trainingdata/images/souvenirs/SOU06.jpg
souvenirs,SOU10.jpg,trainingdata/images/souvenirs/SOU10.jpg
souvenirs,SOU04.jpg,trainingdata/images/souvenirs/SOU04.jpg
souvenirs,SOU05.jpg,trainingdata/images/souvenirs/SOU05.jpg
souvenirs,SOU11.jpg,trainingdata/images/souvenirs/SOU11.jpg
sportsAndRecreation,SPO17.jpg,trainingdata/images/sportsAndRecreation/SPO17.jpg
sportsAndRecreation,SPO03.jpg,trainingdata/images/sportsAndRecreation/SPO03.jpg
sportsAndRecreation,SPO02.jpg,trainingdata/images/sportsAndRecreation/SPO02.jpg
sportsAndRecreation,SPO16.jpg,trainingdata/images/sportsAndRecreation/SPO16.jpg
sportsAndRecreation,SPO14.jpg,trainingdata/images/sportsAndRecreation/SPO14.jpg
sportsAndRecreation,SPO28.jpg,trainingdata/images/sportsAndRecreation/SPO28.jpg
sportsAndRecreation,SPO29.jpg,trainingdata/images/sportsAndRecreation/SPO29.jpg
sportsAndRecreation,SPO15.jpg,trainingdata/images/sportsAndRecreation/SPO15.jpg
sportsAndRecreation,SPO01.jpg,trainingdata/images/sportsAndRecreation/SPO01.jpg
sportsAndRecreation,SPO05.jpg,trainingdata/images/sportsAndRecreation/SPO05.jpg
sportsAndRecreation,SPO11.jpg,trainingdata/images/sportsAndRecreation/SPO11.jpg
sportsAndRecreation,SPO10.jpg,trainingdata/images/sportsAndRecreation/SPO10.jpg
sportsAndRecreation,SPO04.jpg,trainingdata/images/sportsAndRecreation/SPO04.jpg
sportsAndRecreation,SPO12.jpg,trainingdata/images/sportsAndRecreation/SPO12.jpg
sportsAndRecreation,SPO06.jpg,trainingdata/images/sportsAndRecreation/SPO06.jpg
sportsAndRecreation,SPO07.jpg,trainingdata/images/sportsAndRecreation/SPO07.jpg
sportsAndRecreation,SPO13.jpg,trainingdata/images/sportsAndRecreation/SPO13.jpg
sportsAndRecreation,SPO22.jpg,trainingdata/images/sportsAndRecreation/SPO22.jpg
sportsAndRecreation,SPO23.jpg,trainingdata/images/sportsAndRecreation/SPO23.jpg
sportsAndRecreation,SPO21.jpg,trainingdata/images/sportsAndRecreation/SPO21.jpg
sportsAndRecreation,SPO09.jpg,trainingdata/images/sportsAndRecreation/SPO09.jpg
sportsAndRecreation,SPO08.jpg,trainingdata/images/sportsAndRecreation/SPO08.jpg
sportsAndRecreation,SPO20.jpg,trainingdata/images/sportsAndRecreation/SPO20.jpg
sportsAndRecreation,SPO18.jpg,trainingdata/images/sportsAndRecreation/SPO18.jpg
sportsAndRecreation,SPO24.jpg,trainingdata/images/sportsAndRecreation/SPO24.jpg
sportsAndRecreation,SPO30.jpg,trainingdata/images/sportsAndRecreation/SPO30.jpg
sportsAndRecreation,SPO25.jpg,trainingdata/images/sportsAndRecreation/SPO25.jpg
sportsAndRecreation,SPO19.jpg,trainingdata/images/sportsAndRecreation/SPO19.jpg
sportsAndRecreation,SPO27.jpg,trainingdata/images/sportsAndRecreation/SPO27.jpg
sportsAndRecreation,SPO26.jpg,trainingdata/images/sportsAndRecreation/SPO26.jpg
streetFurniture,STR16.jpg,trainingdata/images/streetFurniture/STR16.jpg
streetFurniture,STR02.jpg,trainingdata/images/streetFurniture/STR02.jpg
streetFurniture,STR03.jpg,trainingdata/images/streetFurniture/STR03.jpg
streetFurniture,STR17.jpg,trainingdata/images/streetFurniture/STR17.jpg
streetFurniture,STR29.jpg,trainingdata/images/streetFurniture/STR29.jpg
streetFurniture,STR01.jpg,trainingdata/images/streetFurniture/STR01.jpg
streetFurniture,STR15.jpg,trainingdata/images/streetFurniture/STR15.jpg
streetFurniture,STR14.jpg,trainingdata/images/streetFurniture/STR14.jpg
streetFurniture,STR28.jpg,trainingdata/images/streetFurniture/STR28.jpg
streetFurniture,STR04.jpg,trainingdata/images/streetFurniture/STR04.jpg
streetFurniture,STR10.jpg,trainingdata/images/streetFurniture/STR10.jpg
streetFurniture,STR11.jpg,trainingdata/images/streetFurniture/STR11.jpg
streetFurniture,STR05.jpg,trainingdata/images/streetFurniture/STR05.jpg
streetFurniture,STR13.jpg,trainingdata/images/streetFurniture/STR13.jpg
streetFurniture,STR07.jpg,trainingdata/images/streetFurniture/STR07.jpg
streetFurniture,STR06.jpg,trainingdata/images/streetFurniture/STR06.jpg
streetFurniture,STR12.jpg,trainingdata/images/streetFurniture/STR12.jpg
streetFurniture,STR23.jpg,trainingdata/images/streetFurniture/STR23.jpg
streetFurniture,STR22.jpg,trainingdata/images/streetFurniture/STR22.jpg
streetFurniture,STR08.jpg,trainingdata/images/streetFurniture/STR08.jpg
streetFurniture,STR20.jpg,trainingdata/images/streetFurniture/STR20.jpg
streetFurniture,STR21.jpg,trainingdata/images/streetFurniture/STR21.jpg
streetFurniture,STR09.jpg,trainingdata/images/streetFurniture/STR09.jpg
streetFurniture,STR25.jpg,trainingdata/images/streetFurniture/STR25.jpg
streetFurniture,STR19.jpg,trainingdata/images/streetFurniture/STR19.jpg
streetFurniture,STR18.jpg,trainingdata/images/streetFurniture/STR18.jpg
streetFurniture,STR30.jpg,trainingdata/images/streetFurniture/STR30.jpg
streetFurniture,STR24.jpg,trainingdata/images/streetFurniture/STR24.jpg
streetFurniture,STR26.jpg,trainingdata/images/streetFurniture/STR26.jpg
streetFurniture,STR27.jpg,trainingdata/images/streetFurniture/STR27.jpg
tableware,TAB23.jpg,trainingdata/images/tableware/TAB23.jpg
tableware,TAB22.jpg,trainingdata/images/tableware/TAB22.jpg
tableware,TAB08.jpg,trainingdata/images/tableware/TAB08.jpg
tableware,TAB20.jpg,trainingdata/images/tableware/TAB20.jpg
tableware,TAB21.jpg,trainingdata/images/tableware/TAB21.jpg
tableware,TAB09.jpg,trainingdata/images/tableware/TAB09.jpg
tableware,TAB25.jpg,trainingdata/images/tableware/TAB25.jpg
tableware,TAB19.jpg,trainingdata/images/tableware/TAB19.jpg
tableware,TAB18.jpg,trainingdata/images/tableware/TAB18.jpg
tableware,TAB30.jpg,trainingdata/images/tableware/TAB30.jpg
tableware,TAB24.jpg,trainingdata/images/tableware/TAB24.jpg
tableware,TAB26.jpg,trainingdata/images/tableware/TAB26.jpg
tableware,TAB27.jpg,trainingdata/images/tableware/TAB27.jpg
tableware,TAB16.jpg,trainingdata/images/tableware/TAB16.jpg
tableware,TAB02.jpg,trainingdata/images/tableware/TAB02.jpg
tableware,TAB03.jpg,trainingdata/images/tableware/TAB03.jpg
tableware,TAB17.jpg,trainingdata/images/tableware/TAB17.jpg
tableware,TAB29.jpg,trainingdata/images/tableware/TAB29.jpg
tableware,TAB01.jpg,trainingdata/images/tableware/TAB01.jpg
tableware,TAB15.jpg,trainingdata/images/tableware/TAB15.jpg
tableware,TAB14.jpg,trainingdata/images/tableware/TAB14.jpg
tableware,TAB28.jpg,trainingdata/images/tableware/TAB28.jpg
tableware,TAB04.jpg,trainingdata/images/tableware/TAB04.jpg
tableware,TAB10.jpg,trainingdata/images/tableware/TAB10.jpg
tableware,TAB11.jpg,trainingdata/images/tableware/TAB11.jpg
tableware,TAB05.jpg,trainingdata/images/tableware/TAB05.jpg
tableware,TAB13.jpg,trainingdata/images/tableware/TAB13.jpg
tableware,TAB07.jpg,trainingdata/images/tableware/TAB07.jpg
tableware,TAB06.jpg,trainingdata/images/tableware/TAB06.jpg
tableware,TAB12.jpg,trainingdata/images/tableware/TAB12.jpg
telecommunications,TEL17.jpg,trainingdata/images/telecommunications/TEL17.jpg
telecommunications,TEL03.jpg,trainingdata/images/telecommunications/TEL03.jpg
telecommunications,TEL02.jpg,trainingdata/images/telecommunications/TEL02.jpg
telecommunications,TEL16.jpg,trainingdata/images/telecommunications/TEL16.jpg
telecommunications,TEL14.jpg,trainingdata/images/telecommunications/TEL14.jpg
telecommunications,TEL28.jpg,trainingdata/images/telecommunications/TEL28.jpg
telecommunications,TEL29.jpg,trainingdata/images/telecommunications/TEL29.jpg
telecommunications,TEL15.jpg,trainingdata/images/telecommunications/TEL15.jpg
telecommunications,TEL01.jpg,trainingdata/images/telecommunications/TEL01.jpg
telecommunications,TEL05.jpg,trainingdata/images/telecommunications/TEL05.jpg
telecommunications,TEL11.jpg,trainingdata/images/telecommunications/TEL11.jpg
telecommunications,TEL10.jpg,trainingdata/images/telecommunications/TEL10.jpg
telecommunications,TEL04.jpg,trainingdata/images/telecommunications/TEL04.jpg
telecommunications,TEL12.jpg,trainingdata/images/telecommunications/TEL12.jpg
telecommunications,TEL06.jpg,trainingdata/images/telecommunications/TEL06.jpg
telecommunications,TEL07.jpg,trainingdata/images/telecommunications/TEL07.jpg
telecommunications,TEL13.jpg,trainingdata/images/telecommunications/TEL13.jpg
telecommunications,TEL22.jpg,trainingdata/images/telecommunications/TEL22.jpg
telecommunications,TEL23.jpg,trainingdata/images/telecommunications/TEL23.jpg
telecommunications,TEL21.jpg,trainingdata/images/telecommunications/TEL21.jpg
telecommunications,TEL09.jpg,trainingdata/images/telecommunications/TEL09.jpg
telecommunications,TEL08.jpg,trainingdata/images/telecommunications/TEL08.jpg
telecommunications,TEL20.jpg,trainingdata/images/telecommunications/TEL20.jpg
telecommunications,TEL18.jpg,trainingdata/images/telecommunications/TEL18.jpg
telecommunications,TEL24.jpg,trainingdata/images/telecommunications/TEL24.jpg
telecommunications,TEL30.jpg,trainingdata/images/telecommunications/TEL30.jpg
telecommunications,TEL25.jpg,trainingdata/images/telecommunications/TEL25.jpg
telecommunications,TEL19.jpg,trainingdata/images/telecommunications/TEL19.jpg
telecommunications,TEL27.jpg,trainingdata/images/telecommunications/TEL27.jpg
telecommunications,TEL26.jpg,trainingdata/images/telecommunications/TEL26.jpg
textiles,TEX27.jpg,trainingdata/images/textiles/TEX27.jpg
textiles,TEX26.jpg,trainingdata/images/textiles/TEX26.jpg
textiles,TEX24.jpg,trainingdata/images/textiles/TEX24.jpg
textiles,TEX30.jpg,trainingdata/images/textiles/TEX30.jpg
textiles,TEX18.jpg,trainingdata/images/textiles/TEX18.jpg
textiles,TEX19.jpg,trainingdata/images/textiles/TEX19.jpg
textiles,TEX25.jpg,trainingdata/images/textiles/TEX25.jpg
textiles,TEX09.jpg,trainingdata/images/textiles/TEX09.jpg
textiles,TEX21.jpg,trainingdata/images/textiles/TEX21.jpg
textiles,TEX20.jpg,trainingdata/images/textiles/TEX20.jpg
textiles,TEX08.jpg,trainingdata/images/textiles/TEX08.jpg
textiles,TEX22.jpg,trainingdata/images/textiles/TEX22.jpg
textiles,TEX23.jpg,trainingdata/images/textiles/TEX23.jpg
textiles,TEX12.jpg,trainingdata/images/textiles/TEX12.jpg
textiles,TEX06.jpg,trainingdata/images/textiles/TEX06.jpg
textiles,TEX07.jpg,trainingdata/images/textiles/TEX07.jpg
textiles,TEX13.jpg,trainingdata/images/textiles/TEX13.jpg
textiles,TEX05.jpg,trainingdata/images/textiles/TEX05.jpg
textiles,TEX11.jpg,trainingdata/images/textiles/TEX11.jpg
textiles,TEX10.jpg,trainingdata/images/textiles/TEX10.jpg
textiles,TEX04.jpg,trainingdata/images/textiles/TEX04.jpg
textiles,TEX28.jpg,trainingdata/images/textiles/TEX28.jpg
textiles,TEX14.jpg,trainingdata/images/textiles/TEX14.jpg
textiles,TEX15.jpg,trainingdata/images/textiles/TEX15.jpg
textiles,TEX01.jpg,trainingdata/images/textiles/TEX01.jpg
textiles,TEX29.jpg,trainingdata/images/textiles/TEX29.jpg
textiles,TEX17.jpg,trainingdata/images/textiles/TEX17.jpg
textiles,TEX03.jpg,trainingdata/images/textiles/TEX03.jpg
textiles,TEX02.jpg,trainingdata/images/textiles/TEX02.jpg
textiles,TEX16.jpg,trainingdata/images/textiles/TEX16.jpg
tools,TOL29.jpg,trainingdata/images/tools/TOL29.jpg
tools,TOL01.jpg,trainingdata/images/tools/TOL01.jpg
tools,TOL15.jpg,trainingdata/images/tools/TOL15.jpg
tools,TOL14.jpg,trainingdata/images/tools/TOL14.jpg
tools,TOL28.jpg,trainingdata/images/tools/TOL28.jpg
tools,TOL16.jpg,trainingdata/images/tools/TOL16.jpg
tools,TOL02.jpg,trainingdata/images/tools/TOL02.jpg
tools,TOL03.jpg,trainingdata/images/tools/TOL03.jpg
tools,TOL17.jpg,trainingdata/images/tools/TOL17.jpg
tools,TOL13.jpg,trainingdata/images/tools/TOL13.jpg
tools,TOL07.jpg,trainingdata/images/tools/TOL07.jpg
tools,TOL06.jpg,trainingdata/images/tools/TOL06.jpg
tools,TOL12.jpg,trainingdata/images/tools/TOL12.jpg
tools,TOL04.jpg,trainingdata/images/tools/TOL04.jpg
tools,TOL10.jpg,trainingdata/images/tools/TOL10.jpg
tools,TOL11.jpg,trainingdata/images/tools/TOL11.jpg
tools,TOL05.jpg,trainingdata/images/tools/TOL05.jpg
tools,TOL08.jpg,trainingdata/images/tools/TOL08.jpg
tools,TOL20.jpg,trainingdata/images/tools/TOL20.jpg
tools,TOL21.jpg,trainingdata/images/tools/TOL21.jpg
tools,TOL09.jpg,trainingdata/images/tools/TOL09.jpg
tools,TOL23.jpg,trainingdata/images/tools/TOL23.jpg
tools,TOL22.jpg,trainingdata/images/tools/TOL22.jpg
tools,TOL26.jpg,trainingdata/images/tools/TOL26.jpg
tools,TOL27.jpg,trainingdata/images/tools/TOL27.jpg
tools,TOL25.jpg,trainingdata/images/tools/TOL25.jpg
tools,TOL19.jpg,trainingdata/images/tools/TOL19.jpg
tools,TOL18.jpg,trainingdata/images/tools/TOL18.jpg
tools,TOL30.jpg,trainingdata/images/tools/TOL30.jpg
tools,TOL24.jpg,trainingdata/images/tools/TOL24.jpg
toys,TOY26.jpg,trainingdata/images/toys/TOY26.jpg
toys,TOY27.jpg,trainingdata/images/toys/TOY27.jpg
toys,TOY19.jpg,trainingdata/images/toys/TOY19.jpg
toys,TOY25.jpg,trainingdata/images/toys/TOY25.jpg
toys,TOY30.jpg,trainingdata/images/toys/TOY30.jpg
toys,TOY24.jpg,trainingdata/images/toys/TOY24.jpg
toys,TOY18.jpg,trainingdata/images/toys/TOY18.jpg
toys,TOY20.jpg,trainingdata/images/toys/TOY20.jpg
toys,TOY08.jpg,trainingdata/images/toys/TOY08.jpg
toys,TOY09.jpg,trainingdata/images/toys/TOY09.jpg
toys,TOY21.jpg,trainingdata/images/toys/TOY21.jpg
toys,TOY23.jpg,trainingdata/images/toys/TOY23.jpg
toys,TOY22.jpg,trainingdata/images/toys/TOY22.jpg
toys,TOY13.jpg,trainingdata/images/toys/TOY13.jpg
toys,TOY07.jpg,trainingdata/images/toys/TOY07.jpg
toys,TOY06.jpg,trainingdata/images/toys/TOY06.jpg
toys,TOY12.jpg,trainingdata/images/toys/TOY12.jpg
toys,TOY04.jpg,trainingdata/images/toys/TOY04.jpg
toys,TOY10.jpg,trainingdata/images/toys/TOY10.jpg
toys,TOY11.jpg,trainingdata/images/toys/TOY11.jpg
toys,TOY05.jpg,trainingdata/images/toys/TOY05.jpg
toys,TOY01.jpg,trainingdata/images/toys/TOY01.jpg
toys,TOY15.jpg,trainingdata/images/toys/TOY15.jpg
toys,TOY29.jpg,trainingdata/images/toys/TOY29.jpg
toys,TOY28.jpg,trainingdata/images/toys/TOY28.jpg
toys,TOY14.jpg,trainingdata/images/toys/TOY14.jpg
toys,TOY16.jpg,trainingdata/images/toys/TOY16.jpg
toys,TOY02.jpg,trainingdata/images/toys/TOY02.jpg
toys,TOY03.jpg,trainingdata/images/toys/TOY03.jpg
toys,TOY17.jpg,trainingdata/images/toys/TOY17.jpg
transport,TRA16.jpg,trainingdata/images/transport/TRA16.jpg
transport,TRA02.jpg,trainingdata/images/transport/TRA02.jpg
transport,TRA03.jpg,trainingdata/images/transport/TRA03.jpg
transport,TRA17.jpg,trainingdata/images/transport/TRA17.jpg
transport,TRA29.jpg,trainingdata/images/transport/TRA29.jpg
transport,TRA01.jpg,trainingdata/images/transport/TRA01.jpg
transport,TRA15.jpg,trainingdata/images/transport/TRA15.jpg
transport,TRA14.jpg,trainingdata/images/transport/TRA14.jpg
transport,TRA28.jpg,trainingdata/images/transport/TRA28.jpg
transport,TRA04.jpg,trainingdata/images/transport/TRA04.jpg
transport,TRA10.jpg,trainingdata/images/transport/TRA10.jpg
transport,TRA11.jpg,trainingdata/images/transport/TRA11.jpg
transport,TRA05.jpg,trainingdata/images/transport/TRA05.jpg
transport,TRA13.jpg,trainingdata/images/transport/TRA13.jpg
transport,TRA07.jpg,trainingdata/images/transport/TRA07.jpg
transport,TRA06.jpg,trainingdata/images/transport/TRA06.jpg
transport,TRA12.jpg,trainingdata/images/transport/TRA12.jpg
transport,TRA23.jpg,trainingdata/images/transport/TRA23.jpg
transport,TRA22.jpg,trainingdata/images/transport/TRA22.jpg
transport,TRA08.jpg,trainingdata/images/transport/TRA08.jpg
transport,TRA20.jpg,trainingdata/images/transport/TRA20.jpg
transport,TRA21.jpg,trainingdata/images/transport/TRA21.jpg
transport,TRA09.jpg,trainingdata/images/transport/TRA09.jpg
transport,TRA25.jpg,trainingdata/images/transport/TRA25.jpg
transport,TRA19.jpg,trainingdata/images/transport/TRA19.jpg
transport,TRA18.jpg,trainingdata/images/transport/TRA18.jpg
transport,TRA30.jpg,trainingdata/images/transport/TRA30.jpg
transport,TRA24.jpg,trainingdata/images/transport/TRA24.jpg
transport,TRA26.jpg,trainingdata/images/transport/TRA26.jpg
transport,TRA27.jpg,trainingdata/images/transport/TRA27.jpg
travelGoods,TRA02.jpg,trainingdata/images/travelGoods/TRA02.jpg
travelGoods,TRA03.jpg,trainingdata/images/travelGoods/TRA03.jpg
travelGoods,TRA01.jpg,trainingdata/images/travelGoods/TRA01.jpg
travelGoods,TRA04.jpg,trainingdata/images/travelGoods/TRA04.jpg
travelGoods,TRA05.jpg,trainingdata/images/travelGoods/TRA05.jpg
travelGoods,TRA07.jpg,trainingdata/images/travelGoods/TRA07.jpg
travelGoods,TRA06.jpg,trainingdata/images/travelGoods/TRA06.jpg
travelGoods,TRA08.jpg,trainingdata/images/travelGoods/TRA08.jpg
travelGoods,TRA09.jpg,trainingdata/images/travelGoods/TRA09.jpg
wallpaper,WAL07.jpg,trainingdata/images/wallpaper/WAL07.jpg
wallpaper,WAL13.jpg,trainingdata/images/wallpaper/WAL13.jpg
wallpaper,WAL12.jpg,trainingdata/images/wallpaper/WAL12.jpg
wallpaper,WAL06.jpg,trainingdata/images/wallpaper/WAL06.jpg
wallpaper,WAL10.jpg,trainingdata/images/wallpaper/WAL10.jpg
wallpaper,WAL04.jpg,trainingdata/images/wallpaper/WAL04.jpg
wallpaper,WAL05.jpg,trainingdata/images/wallpaper/WAL05.jpg
wallpaper,WAL11.jpg,trainingdata/images/wallpaper/WAL11.jpg
wallpaper,WAL29.jpg,trainingdata/images/wallpaper/WAL29.jpg
wallpaper,WAL15.jpg,trainingdata/images/wallpaper/WAL15.jpg
wallpaper,WAL01.jpg,trainingdata/images/wallpaper/WAL01.jpg
wallpaper,WAL14.jpg,trainingdata/images/wallpaper/WAL14.jpg
wallpaper,WAL28.jpg,trainingdata/images/wallpaper/WAL28.jpg
wallpaper,WAL02.jpg,trainingdata/images/wallpaper/WAL02.jpg
wallpaper,WAL16.jpg,trainingdata/images/wallpaper/WAL16.jpg
wallpaper,WAL17.jpg,trainingdata/images/wallpaper/WAL17.jpg
wallpaper,WAL03.jpg,trainingdata/images/wallpaper/WAL03.jpg
wallpaper,WAL26.jpg,trainingdata/images/wallpaper/WAL26.jpg
wallpaper,WAL27.jpg,trainingdata/images/wallpaper/WAL27.jpg
wallpaper,WAL25.jpg,trainingdata/images/wallpaper/WAL25.jpg
wallpaper,WAL19.jpg,trainingdata/images/wallpaper/WAL19.jpg
wallpaper,WAL18.jpg,trainingdata/images/wallpaper/WAL18.jpg
wallpaper,WAL24.jpg,trainingdata/images/wallpaper/WAL24.jpg
wallpaper,WAL30.jpg,trainingdata/images/wallpaper/WAL30.jpg
wallpaper,WAL08.jpg,trainingdata/images/wallpaper/WAL08.jpg
wallpaper,WAL20.jpg,trainingdata/images/wallpaper/WAL20.jpg
wallpaper,WAL21.jpg,trainingdata/images/wallpaper/WAL21.jpg
wallpaper,WAL09.jpg,trainingdata/images/wallpaper/WAL09.jpg
wallpaper,WAL23.jpg,trainingdata/images/wallpaper/WAL23.jpg
wallpaper,WAL22.jpg,trainingdata/images/wallpaper/WAL22.jpg